,name,country,total_maps,kd_diff,kd,rating
0,Grayhound,Australia,553,7229,1.16,1.07
1,Recca,Indonesia,280,1816,1.08,1.07
2,Kings,Australia,122,1922,1.2,1.07
3,Flash,China,316,1559,1.06,1.07
4,DarkPassage,Turkey,122,1177,1.11,1.06
5,TYLOO,China,1195,11137,1.11,1.06
6,Sinners,Czech Republic,387,2189,1.07,1.06
7,MIBR,Brazil,602,1795,1.03,1.05
8,Dignitas fe,United States,109,727,1.08,1.05
9,Gambit Youngsters,Russia,419,3198,1.09,1.05
10,ViCi,China,714,5777,1.1,1.05
11,Renegades,Australia,998,3987,1.05,1.05
12,CLG Red,United States,156,851,1.07,1.05
13,BOOM,Brazil,182,1870,1.13,1.05
14,ORDER,Australia,735,8786,1.15,1.05
15,Tainted Minds,Australia,395,3282,1.1,1.05
16,Extra Salt,North America,169,1703,1.12,1.05
17,HZ,Singapore,103,-619,0.94,1.05
18,Vitality,France,635,3201,1.06,1.05
19,ATK,United States,210,1008,1.06,1.05
20,MVP Project,Korea,187,1266,1.08,1.05
21,GOSU,Korea,104,82,1.01,1.04
22,100 Thieves,Australia,144,352,1.03,1.04
23,OG,Europe,338,1195,1.04,1.04
24,iNation,Serbia,197,402,1.02,1.04
25,Space Soldiers,Turkey,804,6008,1.09,1.04
26,5POWER,Asia,556,1540,1.03,1.04
27,c0ntact,Europe,121,-218,0.98,1.04
28,TIGER,Mongolia,127,635,1.06,1.04
29,CR4ZY,Ukraine,268,186,1.01,1.04
30,nxl,Indonesia,132,-1667,0.86,1.04
31,MVP PK,Korea,475,2654,1.07,1.04
32,Galaxy Racer,Sweden,271,889,1.04,1.04
33,NIP,Sweden,1915,11745,1.07,1.04
34,Clan-Mystik,France,106,234,1.03,1.04
35,North,Denmark,822,1228,1.02,1.04
36,OneThree,China,105,-135,0.99,1.04
37,Astralis,Denmark,1149,10522,1.11,1.04
38,BOOT-d[S],Singapore,389,2067,1.06,1.04
39,HellRaisers,CIS,1785,3393,1.02,1.04
40,G2,France,1435,3012,1.02,1.04
41,FURIA,Brazil,842,6370,1.09,1.04
42,VeryGames,France,237,3296,1.18,1.04
43,FaZe,Europe,1153,4299,1.04,1.03
44,Liquid,United States,1477,8197,1.07,1.03
45,Immunity,Australia,223,322,1.02,1.03
46,Valiance,Europe,517,5210,1.12,1.03
47,TSM,Denmark,504,2863,1.07,1.03
48,Windigo,Bulgaria,673,2114,1.04,1.03
49,Fiend,Bulgaria,181,1263,1.08,1.03
50,GoodJob,Belarus,305,-274,0.99,1.03
51,mousesports,Europe,1809,6758,1.04,1.03
52,eXtatus,Slovakia,456,1808,1.05,1.03
53,Secret,Europe,221,-550,0.97,1.03
54,Bren,Philippines,194,1131,1.07,1.03
55,Secret Club,United States,122,392,1.04,1.03
56,Paquet√°,Brazil,181,855,1.05,1.03
57,Titan,France,484,1269,1.03,1.03
58,Dignitas,Denmark,1330,2694,1.02,1.03
59,USSR,Russia,108,-604,0.94,1.03
60,Entropiq,Russia,180,761,1.05,1.03
61,Immortals,Brazil,362,2136,1.07,1.03
62,BIG,Germany,1051,2289,1.02,1.03
63,BTRG,Indonesia,148,-364,0.97,1.03
64,Red Reserve,Sweden,473,1929,1.05,1.03
65,Luminosity,Brazil,888,3351,1.04,1.03
66,Kinguin,Poland,859,5225,1.07,1.03
67,Evil Geniuses,United States,321,147,1.01,1.03
68,Trident,Russia,120,-172,0.98,1.03
69,Sharks,Brazil,508,1422,1.03,1.02
70,TNC,Philippines,128,202,1.02,1.02
71,Imperial,Europe,293,2263,1.09,1.02
72,Gen.G,United States,135,-17,1.0,1.02
73,Bad News Bears,United States,294,1709,1.07,1.02
74,EXTREMUM,Oceania,158,-386,0.97,1.02
75,CyberZen,China,181,1537,1.1,1.02
76,SK,Brazil,899,5481,1.07,1.02
77,Outlaws,Bulgaria,294,1267,1.05,1.02
78,9INE,Turkey,102,-205,0.98,1.02
79,MVP.karnal,Malaysia,115,240,1.02,1.02
80,Misfits,United States,232,996,1.05,1.02
81,Tempo Storm,Brazil,295,802,1.03,1.02
82,Rise Nation,Canada,206,1363,1.08,1.02
83,fnatic,Denmark,120,685,1.07,1.02
84,Swole Patrol,United States,385,2611,1.08,1.02
85,Chiefs,Australia,1019,7005,1.08,1.02
86,Keyd,Brazil,295,-463,0.98,1.02
87,TeamOne,Brazil,878,2858,1.04,1.02
88,INTZ,Brazil,528,397,1.01,1.02
89,Eclipse,China,121,579,1.06,1.02
90,Sprout,Germany,1131,4093,1.04,1.02
91,Corvidae,Australia,217,-1043,0.95,1.02
92,FlipSid3,Russia,791,-1657,0.98,1.02
93,Triumph,United States,410,1174,1.03,1.02
94,Nordavind,Europe,584,-162,1.0,1.02
95,GODSENT,Sweden,839,981,1.01,1.02
96,Yeah,Brazil,338,1312,1.04,1.02
97,GPlay,Bulgaria,111,805,1.09,1.02
98,fnatic,Sweden,1748,7505,1.05,1.02
99,HAVU,Finland,1173,5047,1.05,1.02
100,Infinity,Colombia,160,-318,0.98,1.02
101,Beyond,Thailand,388,604,1.02,1.02
102,Heroic,Denmark,1179,4003,1.04,1.02
103,Aristocracy,Poland,129,417,1.04,1.02
104,Imperial,Brazil,241,694,1.03,1.02
105,Mineski,Philippines,148,206,1.02,1.02
106,Cloud9,United States,1344,5244,1.05,1.02
107,Natus Vincere,CIS,1760,10431,1.07,1.02
108,forZe,Russia,1283,7641,1.07,1.02
109,OpTic,North America,843,2524,1.03,1.02
110,paiN,Brazil,455,3667,1.09,1.02
111,Illuminar,Poland,443,313,1.01,1.02
112,Complexity,Europe,1274,1572,1.01,1.02
113,Nostalgie,Russia,122,-1065,0.91,1.02
114,VG.CyberZen,China,283,3406,1.15,1.02
115,Signature,Thailand,372,1841,1.06,1.02
116,NoChance,Europe,174,427,1.03,1.02
117,Rebirth,United States,147,-401,0.97,1.02
118,Anonymo,Poland,193,-29,1.0,1.02
119,GamerLegion,Sweden,566,857,1.02,1.02
120,North Academy,Denmark,226,1353,1.07,1.02
121,Playing Ducks,Lithuania,111,-281,0.97,1.02
122,Envy,France,1181,1942,1.02,1.02
123,Singularity,United States,927,212,1.0,1.02
124,Energy,South Africa,166,371,1.03,1.02
125,Athletico,Australia,395,-110,1.0,1.02
126,3DMAX,France,263,1031,1.05,1.02
127,x6tence Galaxy,Sweden,204,151,1.01,1.02
128,aAa,France,134,-780,0.94,1.01
129,Virtus.pro,Poland,1967,3228,1.02,1.01
130,passions,Sweden,110,595,1.06,1.01
131,CLG,United States,659,1072,1.02,1.01
132,Rugratz,United States,167,221,1.01,1.01
133,LowLandLions,Belgium,117,-3,1.0,1.01
134,Epsilon,Sweden,937,2791,1.03,1.01
135,DBL PONEY,France,207,1029,1.06,1.01
136,AVANGAR,Kazakhstan,737,6160,1.1,1.01
137,NASR,United Arab Emirates,211,-2,1.0,1.01
138,9z,South America,236,2201,1.11,1.01
139,SMASH,Europe,161,-103,0.99,1.01
140,ENCE,Finland,901,1772,1.02,1.01
141,HOLLYWOOD,Russia,130,-15,1.0,1.01
142,NAVI Junior,Ukraine,282,799,1.03,1.01
143,Denial,Europe,247,-184,0.99,1.01
144,Brute,Czech Republic,101,-769,0.92,1.01
145,Lilmix,Sweden,341,-756,0.98,1.01
146,Gorilla Gang,United States,104,338,1.04,1.01
147,Legacy,New Zealand,409,602,1.02,1.01
148,Case,Brazil,110,-89,0.99,1.01
149,CSGL,Poland,185,568,1.03,1.01
150,Japaleno,Sweden,215,345,1.02,1.01
151,Virtus.pro,Russia,120,909,1.09,1.01
152,ACE,Canada,109,-979,0.9,1.01
153,E-frag.net,Bulgaria,325,2515,1.09,1.01
154,Bpro,Bulgaria,501,1047,1.02,1.01
155,AVANT,Australia,679,883,1.01,1.01
156,Ancient,Sweden,171,891,1.06,1.01
157,Orbit,Bulgaria,126,637,1.06,1.01
158,Movistar Riders,Spain,912,1700,1.02,1.01
159,Epsilon,France,143,-62,1.0,1.01
160,BOOT,Singapore,224,-4,1.0,1.01
161,Torqued,United States,137,531,1.04,1.01
162,GameAgents,Hungary,256,-927,0.96,1.01
163,AGO,Poland,1370,3097,1.03,1.01
164,DETONA,Brazil,452,1901,1.05,1.01
165,Bravado,South Africa,372,1973,1.06,1.01
166,K23,Kazakhstan,345,1198,1.04,1.01
167,Astana Dragons,Ukraine,104,865,1.1,1.01
168,RED Canids,Brazil,211,262,1.01,1.01
169,Riot Squad,United States,106,693,1.08,1.01
170,eUnited,United States,491,1233,1.03,1.01
171,MiTH,Thailand,161,-987,0.93,1.01
172,Defusekids,Netherlands,152,-180,0.99,1.01
173,Alpha,Denmark,168,-141,0.99,1.01
174,Party Astronauts,United States,171,588,1.04,1.01
175,TheMongolz,Mongolia,353,785,1.03,1.01
176,NRG,United States,773,3117,1.05,1.01
177,W7M,Brazil,459,1552,1.04,1.01
178,SKADE,Bulgaria,799,1451,1.02,1.01
179,Apeks,Norway,454,-820,0.98,1.01
180,iGame.com,Finland,313,-181,0.99,1.01
181,BlackOut,United States,101,172,1.02,1.01
182,Entity,India,129,867,1.08,1.01
183,Chaos,Sweden,567,1836,1.04,1.01
184,PENTA,Europe,732,-733,0.99,1.01
185,Bee's Money Crew,United States,111,841,1.09,1.01
186,Winstrike,Kazakhstan,655,1218,1.02,1.01
187,Nexus,Romania,856,685,1.01,1.01
188,Spirit,Russia,1253,4957,1.05,1.01
189,FATE,Bulgaria,478,-1389,0.97,1.01
190,LDLC White,France,114,43,1.0,1.01
191,Ghost,United States,364,-1298,0.96,1.01
192,LDLC,France,1398,2581,1.02,1.0
193,Tengri,Kazakhstan,200,-35,1.0,1.0
194,CPH Wolves,Denmark,381,932,1.03,1.0
195,Maple,Thailand,111,583,1.06,1.0
196,Breakaway,Australia,120,356,1.03,1.0
197,Nemiga,Belarus,1092,2320,1.02,1.0
198,Lucid Dream,Thailand,311,583,1.02,1.0
199,Born Of Fire,China,217,242,1.01,1.0
200,Epiphany Bolt,Denmark,209,-904,0.95,1.0
201,BLUEJAYS,Serbia,127,-379,0.97,1.0
202,Dark Sided,Australia,210,-290,0.98,1.0
203,spray'n'pray,Ukraine,134,-688,0.94,1.0
204,Wild,Brazil,159,889,1.07,1.0
205,Alpha Red,Thailand,224,840,1.04,1.0
206,1WIN,Russia,238,1256,1.06,1.0
207,AGG,Poland,191,580,1.03,1.0
208,x-kom,Poland,348,49,1.0,1.0
209,Vexed,Poland,219,-646,0.97,1.0
210,Gambit,Russia,941,4128,1.05,1.0
211,Wisla Krakow,Poland,446,1231,1.03,1.0
212,Endpoint,United Kingdom,903,357,1.0,1.0
213,Planetkey,Germany,209,-313,0.98,1.0
214,fnatic Academy,Sweden,235,80,1.0,1.0
215,Budapest Five,Hungary,250,-142,0.99,1.0
216,Winterfox,United States,241,-2381,0.89,1.0
217,High Coast,United States,102,337,1.04,1.0
218,KoN Denmark,Denmark,199,-241,0.99,1.0
219,Isurus,Argentina,639,1419,1.03,1.0
220,BX3,Norway,141,-865,0.93,1.0
221,Furious,Argentina,289,-943,0.96,1.0
222,ESC,Poland,378,1153,1.04,1.0
223,UYA,China,151,-94,0.99,1.0
224,Property,Sweden,181,-602,0.97,1.0
225,FURIA Academy,Brazil,159,-316,0.98,1.0
226,Selfless,United States,226,-958,0.95,1.0
227,Invictus,China,346,-15,1.0,1.0
228,LGB,Norway,109,-438,0.95,1.0
229,Rogue,United States,446,1593,1.04,1.0
230,The Quest,United States,117,730,1.08,1.0
231,New England Whalers,United States,213,-408,0.98,1.0
232,Lemondogs,Sweden,130,-340,0.97,1.0
233,g3x,Brazil,101,1403,1.17,1.0
234,London Conspiracy,Norway,114,-51,0.99,1.0
235,Lyngby Vikings,Denmark,523,-449,0.99,1.0
236,Syman,CIS,450,-1086,0.97,1.0
237,MK,Bulgaria,202,171,1.01,1.0
238,Copenhagen Flames,Denmark,859,1717,1.02,1.0
239,Project X,Ukraine,131,265,1.02,1.0
240,DenDD,Sweden,193,-14,1.0,1.0
241,EPG,Russia,398,-949,0.97,1.0
242,Binary Dragons,Serbia,263,2120,1.09,1.0
243,Quantum Bellator Fire,Russia,430,-1207,0.97,1.0
244,RCTIC,Finland,166,-505,0.97,1.0
245,Enemy,United States,127,-194,0.98,0.99
246,Fragsters,Denmark,409,413,1.01,0.99
247,SCARZ Absolute,Japan,164,-263,0.98,0.99
248,PRIDE,Poland,605,-833,0.99,0.99
249,Black Dragons,Brazil,128,-684,0.94,0.99
250,BLINK,Albania,139,-108,0.99,0.99
251,Recon 5,United States,227,-442,0.98,0.99
252,Ground Zero,Australia,523,-1526,0.97,0.99
253,pro100,Russia,687,799,1.01,0.99
254,KoN Finland,Finland,181,-129,0.99,0.99
255,Splyce,United States,447,-1626,0.96,0.99
256,LGD,China,192,-962,0.95,0.99
257,Rooster,Australia,251,1074,1.05,0.99
258,Squared,Serbia,200,-813,0.95,0.99
259,Method,United States,215,-1159,0.94,0.99
260,SAW,Portugal,430,312,1.01,0.99
261,KoN Sweden,Sweden,182,1412,1.09,0.99
262,EnVyUs Academy,France,196,690,1.04,0.99
263,SJ,Finland,729,-1309,0.98,0.99
264,WASD,Estonia,127,188,1.02,0.99
265,n!faculty,Germany,120,-956,0.91,0.99
266,SYF,Australia,207,-760,0.96,0.99
267,eSuba,Slovakia,353,-882,0.97,0.99
268,Echo Fox,United States,138,-249,0.98,0.99
269,Heretics,France,444,935,1.02,0.99
270,FrostFire,Malaysia,104,-193,0.98,0.99
271,Bravos,Brazil,208,1354,1.08,0.99
272,VERTEX,Australia,167,509,1.04,0.99
273,Torpedo,Sweden,137,577,1.05,0.99
274,x6tence,Denmark,336,-1165,0.96,0.99
275,Mythic,United States,572,-1150,0.98,0.99
276,Preparation,Russia,143,-48,1.0,0.99
277,Malvinas,Argentina,123,-286,0.97,0.99
278,Sangal,Turkey,295,94,1.0,0.99
279,AGF,Denmark,350,-942,0.97,0.99
280,Tricked,Denmark,1370,2321,1.02,0.99
281,Espada,Russia,453,739,1.02,0.99
282,OFFSET,Portugal,288,-923,0.96,0.99
283,Prospects,United States,125,-1738,0.85,0.99
284,Spirit Academy,Russia,249,145,1.01,0.99
285,5balls,Russia,101,-863,0.91,0.99
286,OCG,Canada,113,-443,0.96,0.99
287,C4,Brazil,149,-733,0.95,0.99
288,PANTHERS,Germany,109,-318,0.97,0.99
289,AVEZ,Poland,359,-334,0.99,0.99
290,Vexed,United Kingdom,255,-1925,0.92,0.99
291,madlikewizards,Australia,146,212,1.02,0.99
292,SKDC,United States,123,-860,0.92,0.99
293,GGPR,United States,119,-467,0.96,0.99
294,HONORIS,Poland,233,-1749,0.92,0.99
295,Young Ninjas,Sweden,266,-416,0.98,0.99
296,PACT,Poland,750,-1743,0.97,0.99
297,subtLe,Canada,156,-734,0.95,0.99
298,New4,China,284,-36,1.0,0.99
299,EURONICS,Germany,496,-386,0.99,0.99
300,Coscu Army,Argentina,116,-843,0.92,0.98
301,Publiclir.se,Sweden,154,-197,0.99,0.98
302,TRIDENT,Australia,175,-1180,0.93,0.98
303,Giants,Portugal,302,-1043,0.96,0.98
304,Hard Legion,Russia,277,-422,0.98,0.98
305,Genuine,Australia,154,-146,0.99,0.98
306,Havan Liberty,Brazil,122,493,1.05,0.98
307,Berzerk,Germany,124,-1086,0.9,0.98
308,Paradox,Australia,425,-180,1.0,0.98
309,k1ck,Ukraine,370,-1575,0.95,0.98
310,Unique,Russia,393,-668,0.98,0.98
311,Santos,Brazil,195,-350,0.98,0.98
312,MC,Australia,117,-829,0.92,0.98
313,Lynn Vision,China,210,-195,0.99,0.98
314,iNTACT,United States,116,395,1.04,0.98
315,Vault,Colombia,161,271,1.02,0.98
316,MAD Lions,Denmark,293,729,1.03,0.98
317,lvlUP,Serbia,102,-412,0.96,0.98
318,Vega Squadron,Russia,396,-482,0.99,0.98
319,Thunder Logic,United States,154,-573,0.96,0.98
320,Reason,Denmark,227,-302,0.98,0.98
321,Ambush,France,373,-2063,0.94,0.98
322,EHOME,China,362,117,1.0,0.98
323,FMESPORTS,United Kingdom,139,-448,0.96,0.98
324,KPI,Spain,152,-327,0.98,0.98
325,Playing Ducks,Germany,143,-1049,0.92,0.98
326,Redemption POA,Brazil,106,-407,0.96,0.98
327,Skyfire,Australia,186,-824,0.95,0.98
328,DreamEaters,Russia,402,-961,0.97,0.98
329,XPC,Romania,158,-16,1.0,0.97
330,KILLERFISH,Germany,148,289,1.02,0.97
331,RONIN,North America,141,-346,0.97,0.97
332,Izako Boars,Poland,694,-2241,0.96,0.97
333,ALTERNATE aTTaX,Germany,1600,696,1.0,0.97
334,Big Frames,United States,137,-750,0.94,0.97
335,EC Kyiv,Ukraine,130,-118,0.99,0.97
336,SG.pro,Russia,218,-617,0.97,0.97
337,RBG,Canada,258,-904,0.96,0.97
338,Pompa,Poland,149,-732,0.95,0.97
339,AlienTech,Portugal,182,70,1.0,0.96
340,R!OT,Australia,143,-882,0.93,0.96
341,Taboo,Australia,109,-1057,0.9,0.96
342,Checkmate,Mongolia,106,-391,0.96,0.96
343,Third Impact,United States,140,-488,0.96,0.96
344,D13,Mongolia,232,-1150,0.95,0.96
345,100PG,Kazakhstan,201,-709,0.96,0.96
346,KoN Norway,Norway,200,-422,0.98,0.96
347,FIVE,China,215,-1578,0.92,0.96
348,eXploit,Portugal,142,-397,0.97,0.96
349,expert,Germany,195,-1245,0.93,0.96
350,RuSh3D,Russia,104,62,1.01,0.96
351,PiTER,Russia,188,115,1.01,0.95
352,LiViD,Canada,112,-509,0.95,0.95
353,hREDS,Finland,132,-1019,0.92,0.95
354,EC Brugge,Belgium,118,-439,0.96,0.95
355,KOVA,Finland,310,-1281,0.95,0.95
356,Unicorns of Love,Germany,178,-1536,0.9,0.95
357,EMP,China,125,-556,0.95,0.94
358,Bulldozer,Brazil,106,-814,0.92,0.94
359,Dynasty,Australia,101,-473,0.95,0.93
360,PC419,Australia,108,-1419,0.86,0.93
